<manifest><control namespace="R2Power" constructor="SelectSVG" version="0.1.0" display-name-key="SelectSVG" description-key="SVGControl where you can Select SVG-Objects" control-type="standard" api-version="1.3.3"><property name="svg" display-name-key="svg_code" description-key="SVG content" of-type="Multiple" usage="input" required="true" /><property name="useFill" display-name-key="use_fill" description-key="Use the fill colors in here? yes/no" of-type="SingleLine.Text" usage="input" required="true" /><property name="fill" display-name-key="fill_color" description-key="Color of every selectable object" of-type="SingleLine.Text" usage="input" required="false" /><property name="fillSelected" display-name-key="selectedFill_color" description-key="Color of the selected object" of-type="SingleLine.Text" usage="input" required="false" /><property name="svgWidth" display-name-key="svg_width" description-key="width" of-type="Whole.None" usage="input" required="true" /><property name="svgHeight" display-name-key="svg_height" description-key="height" of-type="Whole.None" usage="input" required="true" /><property name="selectedID" display-name-key="selectedID" description-key="ID of Selected SVG" of-type="SingleLine.Text" usage="bound" required="false" /><resources><code path="bundle.js" order="1" /><css path="css/style.css" order="2" /></resources><built-by name="pac" version="1.10.4" /></control></manifest>