<?xml version="1.0" encoding="UTF-8" standalone="yes"?>
<manifest>
  <control namespace="R2Power" constructor="RealHTML" version="0.0.1" display-name-key="RealHTML" description-key="RealHTML description" control-type="standard" api-version="1.3.4">
    <property name="html" display-name-key="html_Display_Key" description-key="html content" of-type="Multiple" usage="input" required="true"/>
    <property name="htmlWidth" display-name-key="html_width" description-key="width" of-type="Whole.None" usage="input" required="true"/>
    <property name="htmlHeight" display-name-key="html_height" description-key="height" of-type="Whole.None" usage="input" required="true"/>
    <property name="selectedID" display-name-key="selectedID" description-key="Selected HTML ID" of-type="SingleLine.Text" usage="output" required="false"/>
    <property name="hoverID" display-name-key="hoverID" description-key="Hovered HTML ID" of-type="SingleLine.Text" usage="output" required="false"/>
    <property name="clickType" display-name-key="clickType" description-key="single/double click" of-type="SingleLine.Text" usage="output" required="false"/>
    <resources>
      <code path="bundle.js" order="1"/>
      <css path="css/style.css" order="2"/>
    </resources>
    <built-by name="pac" version="1.14.4"/>
  </control>
</manifest>